question,option_a,option_b,option_c,option_d,correct_answer,category,difficulty,source
Which year did Nigeria gain independence from Britain?,1960,1963,1956,1970,A,history,easy,General Knowledge
Who was Nigeria's first Prime Minister?,Abubakar Tafawa Balewa,Nnamdi Azikiwe,Obafemi Awolowo,Ernest Shonekan,A,history,easy,General Knowledge
Who was Nigeria's first President?,Nnamdi Azikiwe,Abubakar Tafawa Balewa,Yakubu Gowon,Murtala Mohammed,A,history,easy,General Knowledge
In what year was Nigeria declared a Republic?,1963,1960,1966,1970,A,history,easy,General Knowledge
What is the name of the civil war fought in Nigeria between 1967 and 1970?,Biafran War,Lagos War,Delta War,Kano War,A,history,easy,General Knowledge
Which colonial power ruled Nigeria before independence?,Britain,France,Portugal,Germany,A,history,easy,General Knowledge
What was the name of the secessionist republic that triggered Nigeria's civil war?,Biafra,Oduduwa Republic,Arewa Republic,Delta Republic,A,history,easy,General Knowledge
In which year did Nigeria become a federal republic?,1963,1960,1966,1979,A,history,easy,General Knowledge
Who led the first military coup in Nigeria in January 1966?,Chukwuma Nzeogwu,Yakubu Gowon,Murtala Mohammed,Ibrahim Babangida,A,history,easy,General Knowledge
What is the name of Nigeria's national currency?,Naira,Cedi,Franc,Shilling,A,history,easy,General Knowledge
Which Nigerian leader was assassinated in 1966 during a counter-coup?,Aguiyi-Ironsi,Tafawa Balewa,Nzeogwu,Murtala Mohammed,A,history,medium,General Knowledge
What was the name of the agreement that ended the Nigerian Civil War?,Dodan Barracks Agreement,Aburi Accord,Lagos Accord,Port Harcourt Treaty,A,history,medium,General Knowledge
In which year was the Aburi Accord signed?,1967,1966,1968,1970,A,history,medium,General Knowledge
Which military head of state was killed in a road accident in 1976?,Murtala Mohammed,Yakubu Gowon,Olusegun Obasanjo,Ibrahim Babangida,A,history,medium,General Knowledge
Who annulled the June 12 1993 presidential election in Nigeria?,Ibrahim Babangida,Sani Abacha,Ernest Shonekan,Abdulsalami Abubakar,A,history,medium,General Knowledge
Which Yoruba leader won the annulled June 12 1993 election?,MKO Abiola,Bola Tinubu,Olusegun Obasanjo,Bisi Akande,A,history,medium,General Knowledge
What year did Nigeria return to civilian rule after Abacha's death?,1999,1998,2000,1997,A,history,medium,General Knowledge
The amalgamation of Northern and Southern Nigeria took place in which year?,1914,1900,1920,1906,A,history,medium,General Knowledge
Who was the British governor-general responsible for Nigeria's amalgamation?,Lord Frederick Lugard,Herbert Macaulay,Walter Egerton,James Robertson,A,history,medium,General Knowledge
Which year did Sani Abacha die?,1998,1997,1999,2000,A,history,medium,General Knowledge
What was the name of the first Nigerian newspaper founded in 1880?,Lagos Times,West African Pilot,Nigerian Tribune,Daily Times,A,history,hard,General Knowledge
Herbert Macaulay is considered the father of Nigerian nationalism. What profession was he trained in?,Civil engineering,Law,Medicine,Teaching,A,history,hard,General Knowledge
The Aba Women's Riot of 1929 was primarily a protest against what?,Taxation,Land seizure,Forced labour,Missionary activities,A,history,hard,General Knowledge
What was the name of the political party founded by Herbert Macaulay and Nnamdi Azikiwe in 1944?,National Council of Nigeria and the Cameroons,Action Group,Northern Peoples Congress,United Progressive Grand Alliance,A,history,hard,General Knowledge
In which year was the University of Ibadan (originally University College Ibadan) founded?,1948,1952,1945,1960,A,history,hard,General Knowledge
What was the name of Nigeria's currency before the Naira was introduced in 1973?,Pound,Shilling,Dollar,Mark,A,history,hard,General Knowledge
Which Nigerian traditional ruler signed the treaty with the Royal Niger Company in 1884?,Jaja of Opobo,Oba of Benin,Attah of Igala,Sultan of Sokoto,A,history,hard,General Knowledge
The Sokoto Caliphate was founded in which year?,1804,1800,1817,1830,A,history,hard,General Knowledge
Who founded the Sokoto Caliphate?,Usman dan Fodio,Muhammed Bello,Bello Gwandu,Aliyu Jedo,A,history,hard,General Knowledge
"The Berlin Conference that partitioned Africa, including what is now Nigeria, took place in which year?",1884,1880,1890,1900,A,history,hard,General Knowledge
What type of government system does Nigeria operate?,Federal republic,Unitary state,Constitutional monarchy,Confederation,A,politics,easy,General Knowledge
How many states does Nigeria have?,36,30,34,40,A,politics,easy,General Knowledge
What is the capital city of Nigeria?,Abuja,Lagos,Kano,Ibadan,A,politics,easy,General Knowledge
In which year was Abuja made the capital of Nigeria?,1991,1985,1976,2000,A,politics,easy,General Knowledge
What is the upper house of Nigeria's National Assembly called?,Senate,House of Representatives,House of Lords,Federal Council,A,politics,easy,General Knowledge
How many senators does each Nigerian state send to the Senate?,3,2,4,5,A,politics,easy,General Knowledge
Who was Nigeria's president from 1999 to 2007?,Olusegun Obasanjo,Umaru Yar'Adua,Goodluck Jonathan,Muhammadu Buhari,A,politics,easy,General Knowledge
Which political party does Bola Tinubu belong to?,APC,PDP,LP,NNPP,A,politics,easy,General Knowledge
What does APC stand for in Nigerian politics?,All Progressives Congress,African People's Congress,All People's Congress,Alliance for Progressive Change,A,politics,easy,General Knowledge
What does PDP stand for in Nigerian politics?,Peoples Democratic Party,Progressive Democratic Party,Pan Democratic Party,People's Development Party,A,politics,easy,General Knowledge
Who became Nigeria's president after the death of Umaru Yar'Adua?,Goodluck Jonathan,Olusegun Obasanjo,Muhammadu Buhari,Atiku Abubakar,A,politics,medium,General Knowledge
Muhammadu Buhari first came to power as a military head of state in which year?,1983,1985,1979,1990,A,politics,medium,General Knowledge
Which Nigerian president was known for the phrase 'I will not steal'?,Umaru Yar'Adua,Goodluck Jonathan,Olusegun Obasanjo,Muhammadu Buhari,A,politics,medium,General Knowledge
Nigeria's current constitution was adopted in which year?,1999,1989,1979,2000,A,politics,medium,General Knowledge
Which zone does the FCT (Federal Capital Territory) belong to for senatorial representation?,It has one senator,It has three senators,It has no senator,It has two senators,A,politics,medium,General Knowledge
Who was Nigeria's vice president under Goodluck Jonathan?,Namadi Sambo,Atiku Abubakar,Kayode Fayemi,Rotimi Amaechi,A,politics,medium,General Knowledge
The INEC in Nigeria stands for what?,Independent National Electoral Commission,International Nigerian Electoral Committee,Independent Nigerian Electoral Council,Integrated National Election Commission,A,politics,medium,General Knowledge
Who was the Labour Party presidential candidate in the 2023 elections?,Peter Obi,Atiku Abubakar,Bola Tinubu,Rabiu Kwankwaso,A,politics,medium,General Knowledge
Which Nigerian governor served the longest consecutive tenure as governor?,Chimaroke Nnamani of Enugu,Bola Tinubu of Lagos,James Ibori of Delta,Orji Uzor Kalu of Abia,A,politics,medium,General Knowledge
Bola Tinubu became Nigeria's president in which year?,2023,2022,2024,2021,A,politics,medium,General Knowledge
What was the name of the constitutional conference held in 2005 under Obasanjo?,National Political Reform Conference,Sovereign National Conference,Constitutional Drafting Committee,Political Reform Dialogue,A,politics,hard,General Knowledge
Which Nigerian politician famously said 'stomach infrastructure'?,Fayose,Wike,Ortom,Lalong,A,politics,hard,General Knowledge
Who was Nigeria's Attorney General and Minister of Justice when the 1999 constitution was drafted?,Kanu Agabi,Bola Ige,Mike Aondoakaa,Mohammed Bello Adoke,A,politics,hard,General Knowledge
The concept of 'federal character' in Nigeria is enshrined in which section of the 1999 constitution?,Section 14,Section 10,Section 3,Section 40,A,politics,hard,General Knowledge
Which Nigerian senator sponsored the anti-same sex marriage bill signed by Goodluck Jonathan?,Domingo Obende,Ahmed Lawan,Andy Uba,Heineken Lokpobiri,A,politics,hard,General Knowledge
The Nigerian Supreme Court has how many justices including the Chief Justice?,21,15,18,25,A,politics,hard,General Knowledge
Who was the first woman to run for president in Nigeria?,Sarah Jubril,Ngozi Okonjo-Iweala,Oby Ezekwesili,Remi Sonaiya,A,politics,hard,General Knowledge
The EFCC (Economic and Financial Crimes Commission) was established in which year?,2004,2000,2002,2006,A,politics,hard,General Knowledge
Who was the first chairman of the EFCC?,Nuhu Ribadu,Farida Waziri,Ibrahim Lamorde,Magu,A,politics,hard,General Knowledge
Nigeria's zoning system informally divides the presidency between how many geopolitical zones?,6,4,2,3,A,politics,hard,General Knowledge
What is Nigeria's national football team commonly known as?,Super Eagles,Green Eagles,Nigerian Lions,Desert Eagles,A,sports,easy,General Knowledge
In which year did Nigeria win the Olympic gold medal in football?,1996,2000,1992,2004,A,sports,easy,General Knowledge
Which Nigerian footballer played for Arsenal and is known as the 'Jay-Jay'?,Jay-Jay Okafor,Nwankwo Kanu,Celestine Babayaro,Sunday Oliseh,A,sports,easy,General Knowledge
What is the nickname of the Nigeria women's national football team?,Super Falcons,Green Falcons,Golden Falcons,Flying Falcons,A,sports,easy,General Knowledge
Nwankwo Kanu played club football for which English Premier League club?,Arsenal,Chelsea,Manchester United,Liverpool,A,sports,easy,General Knowledge
Which Nigerian sprinter won a silver medal at the 2008 Beijing Olympics?,Deji Aliu,Olusoji Fasuba,Francis Obikwelu,Samuel Francis,A,sports,easy,General Knowledge
In which sport did Nigeria's Chioma Ajunwa win Olympic gold in 1996?,Long jump,100 metres,400 metres,Triple jump,A,sports,easy,General Knowledge
Which Nigerian footballer was known as 'The Eagle of the Niger'?,Rashidi Yekini,Segun Odegbami,Peter Fregene,Teslim Balogun,A,sports,easy,General Knowledge
Nigeria has won the Africa Cup of Nations (AFCON) how many times?,3,4,2,5,A,sports,easy,General Knowledge
Which year did Nigeria first qualify for the FIFA World Cup?,1994,1990,1998,2002,A,sports,easy,General Knowledge
Which Nigerian footballer won the FIFA World Youth Championship (now U-20 World Cup) in 1985 and 1993?,Nigeria won both,Nigeria only won 1985,Nigeria only won 1993,Nigeria won neither,C,sports,medium,General Knowledge
"At the 1994 World Cup, Nigeria was knocked out by which country in the Round of 16?",Italy,Brazil,Argentina,Spain,A,sports,medium,General Knowledge
Which Nigerian boxer won a WBC world title in 1994?,Bash Ali,Dick Tiger,Hogan Bassey,Samuel Peter,A,sports,medium,General Knowledge
Victor Moses played international football for Nigeria but was born in which country?,England,Ghana,Ivory Coast,South Africa,A,sports,medium,General Knowledge
Which Nigerian club has won the most Nigerian Premier League titles?,Enyimba,Rangers International,Julius Berger,IICC Shooting Stars,A,sports,medium,General Knowledge
John Obi Mikel spent most of his club career at which English club?,Chelsea,Arsenal,Manchester City,Tottenham,A,sports,medium,General Knowledge
Which Nigerian athlete set a world record in the 100m at a young age and was nicknamed 'The Fastest Kid in the World'?,Olusoji Fasuba,Deji Aliu,Endurance Ojokolo,Seye Ogunlewe,C,sports,medium,General Knowledge
Nigerian boxer Dick Tiger was world champion in which two weight classes?,Middleweight and Light-heavyweight,Heavyweight and Middleweight,Welterweight and Middleweight,Light-heavyweight and Heavyweight,A,sports,medium,General Knowledge
Nigeria's Onyekachi Apam played in which top European league?,French Ligue 1,Spanish La Liga,Italian Serie A,German Bundesliga,A,sports,medium,General Knowledge
The Stephen Keshi Stadium is located in which Nigerian city?,Asaba,Benin City,Warri,Sapele,A,sports,medium,General Knowledge
Which Nigerian won the AFCON Golden Boot in 2013?,Emmanuel Emenike,Sunday Mba,Victor Moses,Elderson Echiejile,A,sports,hard,General Knowledge
Nigeria's first ever World Cup goal was scored by which player in 1994?,Samson Siasia,Rashidi Yekini,Daniel Amokachi,Sunday Oliseh,B,sports,hard,General Knowledge
Which Nigerian stadium hosted the 1980 Africa Cup of Nations final?,National Stadium Lagos,Surulere Stadium,Abuja National Stadium,Nnamdi Azikiwe Stadium,A,sports,hard,General Knowledge
Nigeria hosted the Africa Cup of Nations in which year?,1980,1976,1990,2000,A,sports,hard,General Knowledge
The Teslim Balogun Stadium is located in which Nigerian state?,Lagos,Ogun,Oyo,Ekiti,A,sports,hard,General Knowledge
Which Nigerian football club won the CAF Champions League in 2003 and 2004?,Enyimba,Julius Berger,Shooting Stars,Rangers,A,sports,hard,General Knowledge
Who was Nigeria's coach during the 1996 Olympic gold medal victory?,Jo Bonfrere,Clemens Westerhof,Phillipe Troussier,Christian Chukwu,A,sports,hard,General Knowledge
"Hogan Bassey, Nigeria's first world boxing champion, won the world title in which weight class?",Featherweight,Lightweight,Bantamweight,Super featherweight,A,sports,hard,General Knowledge
Which Nigerian won the Commonwealth Games gold in boxing at the 1954 edition?,Hogan Bassey,Dick Tiger,Bash Ali,Peter Konyegwachie,A,sports,hard,General Knowledge
Nigeria's first participation at the Olympics was in which year?,1952,1956,1948,1960,A,sports,hard,General Knowledge
What is Nigeria's most widely spoken indigenous language?,Hausa,Yoruba,Igbo,Efik,A,culture,easy,General Knowledge
What is the traditional Yoruba festival that celebrates the Osun goddess?,Osun-Osogbo Festival,Eyo Festival,Gelede Festival,Ojude Oba Festival,A,culture,easy,General Knowledge
Nollywood refers to Nigeria's what?,Film industry,Music industry,Fashion industry,Theatre industry,A,culture,easy,General Knowledge
Which Nigerian author wrote 'Things Fall Apart'?,Chinua Achebe,Wole Soyinka,Ben Okri,Chimamanda Ngozi Adichie,A,culture,easy,General Knowledge
Who was the first African to win the Nobel Prize for Literature?,Wole Soyinka,Chinua Achebe,Ngugi wa Thiong'o,J.M. Coetzee,A,culture,easy,General Knowledge
What is the traditional attire worn by Nigerian men made of woven fabric called?,Aso-oke,Ankara,Kaftan,Buba,A,culture,easy,General Knowledge
What is the name of the popular Nigerian street food made from plantain?,Boli,Puff puff,Akara,Suya,A,culture,easy,General Knowledge
Suya is a popular Nigerian dish made from what?,Spiced grilled meat,Fried yam,Bean fritters,Grilled fish,A,culture,easy,General Knowledge
What is 'jollof rice' in Nigerian cuisine?,Rice cooked in tomato stew,Fried rice,White rice with beans,Rice cooked in coconut milk,A,culture,easy,General Knowledge
The 'Afrobeats' music genre is most associated with which Nigerian city?,Lagos,Abuja,Kano,Port Harcourt,A,culture,easy,General Knowledge
Who is considered the pioneer of Afrobeats music?,Fela Kuti,Sunny Ade,Ebenezer Obey,Onyeka Onwenu,A,culture,medium,General Knowledge
The Benin Bronzes are a collection of artworks that were looted by the British in which year?,1897,1900,1885,1912,A,culture,medium,General Knowledge
Chimamanda Ngozi Adichie wrote which famous novel that was later adapted into a film?,Purple Hibiscus,Half of a Yellow Sun,Americanah,We Should All Be Feminists,B,culture,medium,General Knowledge
The Eyo festival is traditionally celebrated in which Nigerian city?,Lagos,Ibadan,Abeokuta,Ife,A,culture,medium,General Knowledge
What is the name of the masquerade festival celebrated by the Igbo people during the new yam festival?,Mmanwu,Egungun,Oro,Agemo,A,culture,medium,General Knowledge
The Argungu Fishing Festival is held in which Nigerian state?,Kebbi,Sokoto,Kano,Niger,A,culture,medium,General Knowledge
Which Nigerian musician is known as the 'King of Afrobeats'?,Wizkid,Davido,Burna Boy,Tiwa Savage,A,culture,medium,General Knowledge
What is the Yoruba word for masquerade?,Egungun,Mmanwu,Oro,Gelede,A,culture,medium,General Knowledge
"Nollywood is ranked as the world's largest film industry by volume of output, second only to which country?",India,United States,China,South Korea,A,culture,medium,General Knowledge
The Osun-Osogbo UNESCO World Heritage grove is located in which Nigerian state?,Osun,Oyo,Ondo,Ekiti,A,culture,medium,General Knowledge
Chinua Achebe's 'Things Fall Apart' was first published in which year?,1958,1960,1955,1962,A,culture,hard,General Knowledge
What is the name of the lead character in 'Things Fall Apart'?,Okonkwo,Unoka,Obierika,Nwoye,A,culture,hard,General Knowledge
The Ife bronze heads depicting Yoruba rulers date back to approximately which period?,12th-14th century,8th-10th century,16th-18th century,6th-8th century,A,culture,hard,General Knowledge
Which Nigerian literary magazine published many of Africa's early writers including Achebe and Soyinka?,Black Orpheus,Ibadan,Transition,Okike,A,culture,hard,General Knowledge
Wole Soyinka won the Nobel Prize for Literature in which year?,1986,1983,1990,1979,A,culture,hard,General Knowledge
The traditional Benin Kingdom bronzes used which technique to create their sculptures?,Lost-wax casting,Hammering,Mold casting,Stamping,A,culture,hard,General Knowledge
Which Nigerian musician is known for the album 'African Giant'?,Burna Boy,Wizkid,Davido,Adekunle Gold,A,culture,hard,General Knowledge
The Talking Drum (dundun) is most associated with which Nigerian ethnic group?,Yoruba,Hausa,Igbo,Efik,A,culture,hard,General Knowledge
Ben Okri won the Booker Prize in 1991 for which novel?,The Famished Road,Songs of Enchantment,Infinite Riches,Stars of the New Curfew,A,culture,hard,General Knowledge
The Zaria Art School movement in the 1950s was founded by artists including which famous Nigerian painter?,Uche Okeke,Bruce Onobrakpeya,Yusuf Grillo,El Anatsui,A,culture,hard,General Knowledge
What is the highest court in Nigeria?,Supreme Court,Court of Appeal,Federal High Court,High Court,A,government,easy,General Knowledge
What are Nigeria's six geopolitical zones?,"North Central, North East, North West, South East, South South, South West","North, South, East, West, Central, Coastal","Northern, Southern, Eastern, Western, Midwestern, Coastal",None of the above,A,government,easy,General Knowledge
The Nigerian Senate consists of how many members?,109,120,100,90,A,government,easy,General Knowledge
Who appoints the Chief Justice of Nigeria?,President on recommendation of NJC,National Assembly,State Governors collectively,Attorney General,A,government,easy,General Knowledge
What does NNPC stand for?,Nigerian National Petroleum Corporation,National Nigerian Petroleum Company,Nigeria National Petroleum Council,Nigerian Natural Petroleum Corporation,A,government,easy,General Knowledge
Nigeria's Federal Executive Council is chaired by who?,President,Vice President,Senate President,Speaker of House,A,government,easy,General Knowledge
How many years is a term for a Nigerian President?,4,5,6,3,A,government,easy,General Knowledge
What is the minimum age to contest for the Nigerian Senate?,35,30,40,25,A,government,easy,General Knowledge
The Nigerian constitution guarantees freedom of the press under which type of rights?,Fundamental rights,Civil rights,Political rights,Social rights,A,government,easy,General Knowledge
Nigeria's National Assembly is made up of which two chambers?,Senate and House of Representatives,Senate and Congress,House of Assembly and Senate,Council and Assembly,A,government,easy,General Knowledge
The Nigerian Police Force is under the command of who?,Inspector General of Police,Commissioner of Police,Minister of Police Affairs,President,A,government,medium,General Knowledge
State Houses of Assembly in Nigeria have a minimum of how many members?,24,30,20,36,A,government,medium,General Knowledge
Which body is responsible for revenue sharing among tiers of government in Nigeria?,Revenue Mobilisation Allocation and Fiscal Commission,Federal Inland Revenue Service,National Economic Council,Finance Ministry,A,government,medium,General Knowledge
The Code of Conduct Bureau in Nigeria investigates what?,Conduct of public officials,Electoral offences,Financial crimes,Press freedom violations,A,government,medium,General Knowledge
Nigeria's FRSC stands for what?,Federal Road Safety Corps,Federal Revenue Service Commission,Federal Republic Safety Corps,Federal Road Safety Commission,A,government,medium,General Knowledge
The Nigeria Customs Service is under which ministry?,Ministry of Finance,Ministry of Trade,Ministry of Interior,Ministry of Transportation,A,government,medium,General Knowledge
Which constitutional provision establishes the principle of federal character in Nigeria?,Section 14(3),Section 10,Section 40,Section 22,A,government,medium,General Knowledge
"The Nigerian Army, Navy, and Air Force are collectively called what?",Armed Forces of Nigeria,Nigerian Military Forces,National Defence Forces,Federal Armed Forces,A,government,medium,General Knowledge
AMCON in Nigeria stands for what?,Asset Management Corporation of Nigeria,Asset and Money Corporation of Nigeria,African Management Corporation Nigeria,Asset Mobilisation Corporation of Nigeria,A,government,medium,General Knowledge
The Nigerian Sovereign Investment Authority was established in which year?,2011,2007,2013,2015,A,government,medium,General Knowledge
The Fiscal Responsibility Act in Nigeria was passed in which year?,2007,2004,2010,2012,A,government,hard,General Knowledge
Which Nigerian government agency is responsible for enforcing food and drug standards?,NAFDAC,SON,NCC,NESREA,A,government,hard,General Knowledge
The Economic and Financial Crimes Commission (EFCC) Act was signed into law by which president?,Olusegun Obasanjo,Umaru Yar'Adua,Goodluck Jonathan,Muhammadu Buhari,A,government,hard,General Knowledge
What is the quorum required to pass a constitutional amendment in Nigeria's National Assembly?,Two-thirds majority,Simple majority,Three-quarters majority,Unanimous vote,A,government,hard,General Knowledge
The Nigerian Law Reform Commission operates under which ministry?,Ministry of Justice,Ministry of Interior,Ministry of Information,Office of the Attorney General,A,government,hard,General Knowledge
Which body in Nigeria is responsible for conducting population census?,National Population Commission,National Bureau of Statistics,Federal Character Commission,INEC,A,government,hard,General Knowledge
The Federal Character Commission was established by which decree?,Decree 34 of 1996,Decree 20 of 1990,Decree 5 of 1999,Decree 12 of 1995,A,government,hard,General Knowledge
The Nigerian Communications Commission regulates which sector?,Telecommunications,Broadcasting only,Print media,Internet only,A,government,hard,General Knowledge
How many justices make up the Federal Court of Appeal in Nigeria?,At least 49,Exactly 36,At least 21,Exactly 60,A,government,hard,General Knowledge
The Corrupt Practices and Other Related Offences Act established which anti-corruption agency?,ICPC,EFCC,CCB,DSS,A,government,hard,General Knowledge
What is Nigeria's largest city by population?,Lagos,Kano,Ibadan,Abuja,A,current_affairs,easy,General Knowledge
Nigeria is the most populous country in which continent?,Africa,Asia,South America,Europe,A,current_affairs,easy,General Knowledge
What is the approximate population of Nigeria as of 2023?,220 million,150 million,180 million,300 million,A,current_affairs,easy,General Knowledge
Nigeria is the largest producer of what resource in Africa?,Oil,Gold,Diamonds,Cocoa,A,current_affairs,easy,General Knowledge
Which Nigerian musician won a Grammy Award in 2021?,Burna Boy,Wizkid,Davido,Tiwa Savage,A,current_affairs,easy,General Knowledge
The Dangote Refinery is located in which Nigerian state?,Lagos,Rivers,Delta,Bayelsa,A,current_affairs,easy,General Knowledge
Who is Aliko Dangote?,Nigeria's richest person and business mogul,A Nigerian politician,A Nigerian footballer,A Nigerian musician,A,current_affairs,easy,General Knowledge
What is Nigeria's main export commodity?,Crude oil,Cocoa,Tin,Rubber,A,current_affairs,easy,General Knowledge
The Boko Haram insurgency is primarily located in which region of Nigeria?,Northeast,Northwest,Southeast,Southwest,A,current_affairs,easy,General Knowledge
Which Nigerian state is known as the 'Oil Rivers' region historically?,Rivers,Delta,Bayelsa,Akwa Ibom,A,current_affairs,easy,General Knowledge
The #EndSARS protest in Nigeria in 2020 was against what?,Police brutality,Fuel subsidy removal,Unemployment,Poor electricity supply,A,current_affairs,medium,General Knowledge
SARS in the #EndSARS movement stood for what?,Special Anti-Robbery Squad,Special Armed Response Squad,State Anti-Robbery Squad,Security and Robbery Squad,A,current_affairs,medium,General Knowledge
The Lekki toll gate shooting during the #EndSARS protests occurred on what date?,"October 20, 2020","October 15, 2020","November 5, 2020","October 20, 2019",A,current_affairs,medium,General Knowledge
Nigeria's naira was devalued significantly in which recent year?,2023,2021,2022,2020,A,current_affairs,medium,General Knowledge
"The Dangote Refinery, when operational, is expected to have a capacity of how many barrels per day?","650,000","400,000","500,000","1,000,000",A,current_affairs,medium,General Knowledge
Which Nigerian tech company became Africa's first unicorn startup?,Interswitch,Flutterwave,Paystack,Andela,A,current_affairs,medium,General Knowledge
"Paystack, a Nigerian payment company, was acquired by which global company?",Stripe,Visa,Mastercard,PayPal,A,current_affairs,medium,General Knowledge
Nigeria removed the fuel subsidy in which year?,2023,2022,2021,2020,A,current_affairs,medium,General Knowledge
Which Nigerian city hosted the 2023 World Afrobeats Awards?,Lagos,London,Abuja,New York,A,current_affairs,medium,General Knowledge
The Abuja-Kaduna railway was inaugurated in which year?,2016,2018,2014,2020,A,current_affairs,medium,General Knowledge
The Nigeria-specific instrument used for the collection of Value Added Tax is administered by which agency?,Federal Inland Revenue Service,Nigeria Customs Service,Revenue Mobilisation Commission,Central Bank of Nigeria,A,current_affairs,hard,General Knowledge
What percentage is Nigeria's VAT rate as of 2023?,7.5%,5%,10%,15%,A,current_affairs,hard,General Knowledge
The Nigerian Electricity Regulatory Commission (NERC) regulates the power sector under which legislation?,Electric Power Sector Reform Act 2005,Energy Act 2010,Power Reform Decree 1999,National Power Act 2001,A,current_affairs,hard,General Knowledge
Flutterwave was founded in which year?,2016,2014,2018,2012,A,current_affairs,hard,General Knowledge
Nigeria's inflation rate peaked at approximately what level in early 2024?,30%,18%,22%,40%,A,current_affairs,hard,General Knowledge
The Tinubu administration's first policy on its inauguration day in 2023 was to end what?,Fuel subsidy,Dollar control,Multiple exchange rates,Import restrictions,A,current_affairs,hard,General Knowledge
Which Nigerian state has the highest internally generated revenue?,Lagos,Rivers,Delta,Kano,A,current_affairs,hard,General Knowledge
The Nigerian tech hub 'Yaba' in Lagos is sometimes called the Silicon Valley of Africa. Which company did NOT originate there?,MTN,Andela,Hotels.ng,Flutterwave,A,current_affairs,hard,General Knowledge
Nigeria's Central Bank introduced the eNaira digital currency in which year?,2021,2020,2022,2023,A,current_affairs,hard,General Knowledge
The Abuja metro light rail system was officially commissioned in which year?,2018,2015,2020,2016,A,current_affairs,hard,General Knowledge
The 'Indirect Rule' system in Nigeria was pioneered by which British administrator?,Lord Lugard,Walter Egerton,James Robertson,Hugh Clifford,A,history,medium,General Knowledge
The Pan African Congress that influenced Nigerian nationalism was held for the first time in which year?,1900,1919,1895,1907,A,history,hard,General Knowledge
Which Nigerian was the first to practice law in Nigeria?,Christopher Alexander Sapara Williams,Herbert Macaulay,Nnamdi Azikiwe,Obafemi Awolowo,A,history,hard,General Knowledge
The Igbo-Ukwu bronzes were discovered in which decade?,1930s,1950s,1940s,1960s,A,history,hard,General Knowledge
Oduduwa is regarded as the ancestral figure of which Nigerian ethnic group?,Yoruba,Igbo,Hausa,Efik,A,history,easy,General Knowledge
The city of Ile-Ife is considered sacred in which Nigerian culture?,Yoruba,Igbo,Hausa,Benin,A,history,medium,General Knowledge
Nigeria's National Anthem 'Arise O Compatriots' was adopted in which year?,1978,1960,1963,1975,A,history,medium,General Knowledge
The Nigerian coat of arms features which two animals as supporters?,Eagle and horses,Lions,Eagle and lion,Two horses,C,history,medium,General Knowledge
Who composed Nigeria's first national anthem 'Nigeria We Hail Thee'?,Lillian Jean Williams,Frances Berda,Michael Olaitan,Afamefuna Nwachukwu,A,history,hard,General Knowledge
The Eastern Region of Nigeria declared independence as Biafra on which date?,"May 30, 1967","June 12, 1967","January 15, 1966","July 4, 1967",A,history,hard,General Knowledge
Nigeria's constitution allows a president to serve a maximum of how many terms?,Two,Three,One,Unlimited,A,politics,easy,General Knowledge
Who was Nigeria's first female minister?,Janet Mokelu,Ngozi Okonjo-Iweala,Diezani Alison-Madueke,Oby Ezekwesili,A,politics,hard,General Knowledge
Which state is known as the 'Home of Peace' in Nigeria?,Taraba,Kwara,Kebbi,Niger,A,politics,medium,General Knowledge
The Nigerian state of Gombe was created in which year?,1996,1991,1987,1999,A,politics,medium,General Knowledge
Lagos State was created from the Western Region in which year?,1967,1963,1960,1971,A,politics,medium,General Knowledge
How many local government areas (LGAs) does Nigeria have?,774,700,800,650,A,politics,easy,General Knowledge
Which state in Nigeria has the most LGAs?,Kano,Lagos,Rivers,Kaduna,A,politics,hard,General Knowledge
Plateau State's capital city is which of the following?,Jos,Makurdi,Lafia,Bauchi,A,politics,easy,General Knowledge
The South East geopolitical zone in Nigeria consists of how many states?,5,4,6,3,A,politics,medium,General Knowledge
Which Nigerian vice president served under both Obasanjo terms?,Atiku Abubakar,Peter Odili,Namadi Sambo,Goodluck Jonathan,A,politics,medium,General Knowledge
"Stephen Keshi, who coached Nigeria to AFCON 2013 victory, played for which famous club in Europe?",Anderlecht,Ajax,Roma,PSG,A,sports,hard,General Knowledge
Asisat Oshoala has won the African Women Player of the Year award how many times as of 2023?,6,4,5,3,A,sports,hard,General Knowledge
Which Nigerian city is home to football club Heartland FC?,Owerri,Enugu,Lagos,Benin City,A,sports,medium,General Knowledge
Nigeria's AFCON 2013 win was held in which country?,South Africa,Egypt,Ghana,Equatorial Guinea,A,sports,medium,General Knowledge
Odion Ighalo's international retirement was reversed to help Nigeria at which tournament?,2019 AFCON,2018 World Cup,2022 World Cup qualifiers,2021 AFCON,A,sports,hard,General Knowledge
Which Nigerian won the Ballon d'Or?,No Nigerian has won it,Nwankwo Kanu,Jay-Jay Okocha,Rashidi Yekini,A,sports,hard,General Knowledge
The sports complex built for the 2003 All Africa Games in Abuja is named after who?,MKO Abiola,Abuja National Stadium,Yakubu Gowon,Moshood Abiola,D,sports,hard,General Knowledge
"Sunday Oliseh, a former Nigeria captain, later became coach of which national team?",DR Congo,Nigeria,Ivory Coast,Togo,A,sports,hard,General Knowledge
Hakeem Olajuwon is a former Nigerian-American basketball legend. Which NBA team did he primarily play for?,Houston Rockets,New York Knicks,Toronto Raptors,Los Angeles Lakers,A,sports,easy,General Knowledge
Peter Ofori-Quaye scored a UEFA Champions League goal at age 17 for which club?,Barcelona,Marseille,Monaco,PSG,B,sports,hard,General Knowledge
The Afrobeats star known as 'Odogwu' is who?,Burna Boy,Wizkid,Davido,Rema,A,culture,easy,General Knowledge
Chimamanda Ngozi Adichie is from which Nigerian state?,Anambra,Enugu,Imo,Abia,A,culture,medium,General Knowledge
The Nigerian currency features the portrait of which founding father on the highest denomination note?,Nnamdi Azikiwe (on the N500),Tafawa Balewa,Obafemi Awolowo,All three on different notes,D,culture,medium,General Knowledge
The Nok terracotta figurines found in Nigeria date back to approximately what period?,500 BC to 200 AD,1000 BC to 500 BC,200 AD to 700 AD,1200 to 800 BC,A,culture,hard,General Knowledge
Tuface (2face) Idibia's breakthrough album was titled what?,Face 2 Face,True Love,Grass 2 Grace,Rainbow,A,culture,medium,General Knowledge
Which Nigerian writer authored the play 'Death and the King's Horseman'?,Wole Soyinka,Chinua Achebe,J.P. Clark,Ola Rotimi,A,culture,medium,General Knowledge
Afang soup is a traditional dish from which Nigerian ethnic group?,Efik/Ibibio,Yoruba,Igbo,Hausa,A,culture,medium,General Knowledge
Egusi soup is made from the seeds of which plant?,Melon/gourd,Pumpkin,Cucumber,Watermelon,A,culture,medium,General Knowledge
The traditional Hausa wedding gift-giving ceremony is known as what?,Kayan Lefe,Eru Iyawo,Ime Ego,Iku Aro,A,culture,hard,General Knowledge
King Sunny Ade is known for which style of music?,Juju,Fuji,Afrobeats,Highlife,A,culture,medium,General Knowledge
The State Security Service (SSS) in Nigeria is also known by what name?,Department of State Services (DSS),National Intelligence Agency,State Intelligence Bureau,National Security Bureau,A,government,medium,General Knowledge
Nigeria's National Intelligence Agency (NIA) is responsible for what?,Foreign intelligence,Domestic security,Police oversight,Counter-terrorism,A,government,hard,General Knowledge
The Nigerian Law School is located in which cities?,Lagos and Abuja (main campuses),Only in Lagos,Only in Abuja,In all state capitals,A,government,medium,General Knowledge
The Petroleum Industry Act (PIA) was signed into law in which year?,2021,2018,2019,2023,A,government,medium,General Knowledge
Who signed the Petroleum Industry Act into law?,Muhammadu Buhari,Goodluck Jonathan,Bola Tinubu,Olusegun Obasanjo,A,government,medium,General Knowledge
Nigeria's Universal Basic Education (UBE) policy provides free education for how many years?,9,6,12,3,A,government,medium,General Knowledge
The National Youth Service Corps (NYSC) programme was established in which year?,1973,1970,1976,1979,A,government,medium,General Knowledge
NYSC was established by which military leader?,Yakubu Gowon,Murtala Mohammed,Olusegun Obasanjo,Ibrahim Babangida,A,government,medium,General Knowledge
The National Boundary Commission in Nigeria is responsible for what?,Defining and managing boundaries,Electoral boundaries only,International borders only,Census boundaries,A,government,hard,General Knowledge
Nigeria's National Health Insurance Scheme (NHIS) was established in which year?,1999,2005,2003,2010,A,government,hard,General Knowledge
Aliko Dangote's net worth has made him consistently one of the richest people in which category?,Africa,Sub-Saharan Africa only,The Arab world,The whole world,A,current_affairs,easy,General Knowledge
Nigeria surpassed South Africa to become Africa's largest economy by GDP in which year?,2014,2010,2016,2018,A,current_affairs,medium,General Knowledge
The Nigerian Stock Exchange was rebranded to what in 2021?,NGX Group,NSE Holdings,Nigeria Exchange Group,Nigerian Capital Market,C,current_affairs,hard,General Knowledge
MTN Nigeria was listed on the Nigerian Stock Exchange in which year?,2019,2017,2021,2015,A,current_affairs,medium,General Knowledge
The Central Bank of Nigeria's cashless policy was primarily aimed at reducing what?,Cash transactions,Inflation,Unemployment,Corruption,A,current_affairs,medium,General Knowledge
Nigeria's Cowrywise is classified as what type of startup?,Fintech,Edtech,Healthtech,Agritech,A,current_affairs,medium,General Knowledge
"PiggyVest, a Nigerian savings app, was originally called what?",Piggybank.ng,SaveNow,MoneyBox Nigeria,PiggySave,A,current_affairs,hard,General Knowledge
The Nigerian railway concession awarded to a Chinese company covers which major routes?,Lagos-Ibadan and Abuja-Kaduna,Lagos-Abuja only,Kano-Lagos,Port Harcourt-Enugu,A,current_affairs,hard,General Knowledge
The Lagos-Ibadan expressway expansion project is partly funded by which organisation?,African Development Bank,World Bank,IMF,China Exim Bank,A,current_affairs,hard,General Knowledge
Nigeria's Edo State is the centre of production for which major cultural export?,Afrobeats music,Nollywood films,Traditional art and bronzes,Fashion and textiles,C,current_affairs,medium,General Knowledge
The Berlin West Africa Conference result placed which territory under British influence?,Nigeria,Cameroon,Ghana,Sierra Leone,A,history,hard,General Knowledge
Mary Slessor was a Scottish missionary who worked in which part of Nigeria?,Calabar (Cross River),Lagos,Kano,Ibadan,A,history,medium,General Knowledge
"The first secondary school in Nigeria, CMS Grammar School, was founded in which year?",1859,1870,1849,1880,A,history,hard,General Knowledge
King Jaja of Opobo was exiled by the British to which country?,West Indies,South Africa,Britain,India,A,history,hard,General Knowledge
The Kano Riot of 1953 was triggered by which political event?,Self-government motion in the House of Representatives,Independence declaration,Military coup,Regional elections,A,history,hard,General Knowledge
The Action Group party was founded by which Nigerian statesman?,Obafemi Awolowo,Nnamdi Azikiwe,Tafawa Balewa,Samuel Akintola,A,history,medium,General Knowledge
The Northern Peoples Congress was led by which Nigerian leader?,Ahmadu Bello,Tafawa Balewa,Muhammadu Ribadu,Ibrahim Waziri,A,history,medium,General Knowledge
Nigeria's first census was conducted in which year?,1866,1900,1952,1931,C,history,hard,General Knowledge
The 'Kano City Walls' date back to which approximate period?,14th century,10th century,16th century,12th century,A,history,hard,General Knowledge
Which traditional Yoruba city is considered the oldest in Nigeria?,Ile-Ife,Ibadan,Abeokuta,Oyo,A,history,hard,General Knowledge
The Durbar festival is celebrated in which region of Nigeria?,Northern Nigeria,Southern Nigeria,Eastern Nigeria,Western Nigeria,A,culture,easy,General Knowledge
Fela Kuti's music genre that blended jazz and traditional music was called what?,Afrobeat,Afrobeats,Juju,Highlife,A,culture,medium,General Knowledge
The Olumo Rock is a famous landmark in which Nigerian city?,Abeokuta,Ibadan,Ife,Ondo,A,culture,easy,General Knowledge
Wole Soyinka was the first Black African to win the Nobel Prize in Literature. His play 'The Lion and the Jewel' is set in what kind of environment?,A small Yoruba village,A Lagos city,An Igbo marketplace,A Hausa emirate,A,culture,hard,General Knowledge
"The Calabar Carnival, sometimes called Africa's Biggest Street Party, is held in which month?",December,October,August,February,A,culture,medium,General Knowledge
The highlife music genre popular in Nigeria originated from which country?,Ghana,Nigeria,Sierra Leone,Liberia,A,culture,hard,General Knowledge
What is the staple food most associated with the Igbo people of Nigeria?,Yam,Rice,Cassava,Corn,A,culture,easy,General Knowledge
Afrobeats star Wizkid's full name is?,Ayodeji Ibrahim Balogun,Chukwuemeka Owumi,Adewale Ayuba,Oluwatobiloba Daniel,A,culture,medium,General Knowledge
The Osun River flows through which major Nigerian city before entering the Atlantic?,Ijebu-Ode,Ibadan,Osogbo,Ile-Ife,C,culture,hard,General Knowledge
Agbada is a traditional garment worn across Nigeria and West Africa. It is most associated with which group?,Yoruba and Hausa men,Igbo women,Efik men,Tiv people,A,culture,medium,General Knowledge
The Nigerian House of Representatives has how many seats?,360,400,300,320,A,government,easy,General Knowledge
The President of the Senate in Nigeria's 10th Assembly (from 2023) is who?,Godswill Akpabio,Ahmed Lawan,Bukola Saraki,Chukwuemeka Nwajiuba,A,government,medium,General Knowledge
The Speaker of Nigeria's House of Representatives from 2023 is who?,Tajudeen Abbas,Femi Gbajabiamila,Yakubu Dogara,Aminu Tambuwal,A,government,medium,General Knowledge
The Nigerian Meteorological Agency (NiMet) is under which ministry?,Ministry of Aviation,Ministry of Environment,Ministry of Science,Ministry of Water Resources,A,government,medium,General Knowledge
How many geo-political zones make up Nigeria?,6,4,7,5,A,government,easy,General Knowledge
The National Drug Law Enforcement Agency (NDLEA) was established in which year?,1990,1985,1993,1999,A,government,medium,General Knowledge
The Federal Road Safety Corps (FRSC) was established by which law?,Decree 45 of 1988,Act 5 of 1990,Decree 32 of 1992,Act 10 of 1985,A,government,hard,General Knowledge
The Securities and Exchange Commission of Nigeria regulates what?,Capital markets,Banking,Insurance,Pensions,A,government,medium,General Knowledge
The Corporate Affairs Commission (CAC) registers what in Nigeria?,Companies and businesses,Land titles,Motor vehicles,Trademarks only,A,government,easy,General Knowledge
The Nigerian Ports Authority is under which ministry?,Ministry of Transportation,Ministry of Finance,Ministry of Trade,Ministry of Petroleum,A,government,medium,General Knowledge
Which Nigerian became the first African president of the World Trade Organization?,Ngozi Okonjo-Iweala,Obiageli Ezekwesili,Amina Mohammed,Akinwumi Adesina,A,current_affairs,medium,General Knowledge
Akinwumi Adesina is the president of which pan-African financial institution?,African Development Bank,African Union Development Agency,African Export-Import Bank,Eastern and Southern African Trade and Development Bank,A,current_affairs,medium,General Knowledge
Ngozi Okonjo-Iweala served as Finance Minister of Nigeria under which presidents?,Obasanjo and Jonathan,Jonathan and Buhari,Obasanjo and Buhari,Jonathan only,A,current_affairs,medium,General Knowledge
The EndBadGovernance protests in Nigeria took place in which year?,2024,2023,2022,2025,A,current_affairs,medium,General Knowledge
The petrol subsidy removal by President Tinubu in 2023 led to fuel prices increasing by approximately how much?,300%,50%,100%,200%,A,current_affairs,hard,General Knowledge
Which Nigerian billionaire owns Access Bank?,Herbert Wigwe,Tony Elumelu,Jim Ovia,Femi Otedola,A,current_affairs,medium,General Knowledge
Tony Elumelu is associated with which Nigerian bank?,UBA (United Bank for Africa),Zenith Bank,GTBank,First Bank,A,current_affairs,medium,General Knowledge
The Lagos-Badagry expressway expansion is part of which larger West African road network?,Trans-West African Coastal Highway,ECOWAS Highway A1,Trans-Sahara Highway,ECOWAS Coastal Route,A,current_affairs,hard,General Knowledge
Nigeria's Eko Atlantic City is being built off the coast of which area of Lagos?,Victoria Island,Lekki,Apapa,Ikoyi,A,current_affairs,medium,General Knowledge
The term 'Japa' in Nigerian parlance refers to what phenomenon?,Emigration from Nigeria abroad,Dancing at parties,Street hawking,Protest movements,A,current_affairs,easy,General Knowledge
The Fulani people are predominantly found in which part of Nigeria?,Northern Nigeria,Southern Nigeria,Eastern Nigeria,Coastal Nigeria,A,culture,easy,General Knowledge
What is the official language of Nigeria?,English,Hausa,Yoruba,Igbo,A,government,easy,General Knowledge
The Niger Delta region is important to Nigeria because of what?,Oil production,Agricultural production,Mining of gold,Tourism,A,current_affairs,easy,General Knowledge
Which river gives Nigeria part of its name?,Niger River,Benue River,Sokoto River,Gongola River,A,history,easy,General Knowledge
The name 'Nigeria' was coined by whom?,Flora Shaw,Lord Lugard,Mary Slessor,Herbert Macaulay,A,history,medium,General Knowledge
Flora Shaw who coined the name 'Nigeria' was a journalist for which newspaper?,The Times of London,The Guardian,Daily Telegraph,Financial Times,A,history,hard,General Knowledge
Nigeria's National Day is celebrated on which date?,October 1,January 1,May 29,June 12,A,government,easy,General Knowledge
May 29 in Nigeria is celebrated as what?,Democracy Day,Independence Day,Republic Day,Armed Forces Day,A,government,easy,General Knowledge
The largest ethnic group in Nigeria is which?,Hausa-Fulani,Yoruba,Igbo,Ijaw,A,culture,easy,General Knowledge
Which Nigerian city is known as the 'Centre of Excellence'?,Lagos,Abuja,Port Harcourt,Kano,A,current_affairs,easy,General Knowledge
Port Harcourt is the capital of which Nigerian state?,Rivers,Delta,Bayelsa,Imo,A,government,easy,General Knowledge
Kano is located in which geopolitical zone of Nigeria?,North West,North Central,North East,North East,A,government,easy,General Knowledge
The Benue River is a tributary of which major river?,Niger River,Congo River,Volta River,Senegal River,A,history,medium,General Knowledge
Lake Chad borders Nigeria to which direction?,Northeast,Northwest,North,Southeast,A,history,medium,General Knowledge
The NDDC (Niger Delta Development Commission) was established to develop which region?,Niger Delta,North Central,Southeast,Southwest,A,government,easy,General Knowledge
"Nollywood produces approximately how many films per year, making it the world's second largest film industry by volume?","2,500",500,"1,000","5,000",A,culture,medium,General Knowledge
The Nigerian music genre 'Fuji' is associated with which state?,Lagos (Yoruba culture),Kano,Anambra,Benue,A,culture,hard,General Knowledge
Tunde Kelani is a prominent figure in which Nigerian creative industry?,Film (Nollywood),Music,Fashion,Theatre,A,culture,medium,General Knowledge
The University of Lagos (UNILAG) was established in which year?,1962,1958,1967,1970,A,government,medium,General Knowledge
The Obafemi Awolowo University is located in which city?,Ile-Ife,Ibadan,Osogbo,Abeokuta,A,government,medium,General Knowledge
"University of Nigeria, Nsukka was founded by which Nigerian statesman?",Nnamdi Azikiwe,Obafemi Awolowo,Tafawa Balewa,Ahmadu Bello,A,history,medium,General Knowledge
Ahmadu Bello University in Zaria was associated with which Northern leader?,Ahmadu Bello,Tafawa Balewa,Muhammadu Ribadu,Maitama Sule,A,history,medium,General Knowledge
The first oil well in Nigeria was drilled in which year?,1956,1950,1960,1970,A,history,medium,General Knowledge
The first oil well in Nigeria was drilled in which location?,"Oloibiri, Bayelsa",Port Harcourt,Warri,Bonny,A,history,hard,General Knowledge
Shell-BP discovered oil in Nigeria. Shell is a company from which country?,Netherlands/UK,USA,France,Germany,A,history,hard,General Knowledge
"The Trans-Saharan gas pipeline, a proposed project, would connect Nigeria to which continent via Algeria?",Europe,Asia,Middle East,North America,A,current_affairs,hard,General Knowledge
"Nigeria's first satellite, NigeriaSat-1, was launched in which year?",2003,2000,2006,2010,A,current_affairs,hard,General Knowledge
The Nigerian Space Research and Development Agency (NASRDA) is headquartered in which city?,Abuja,Lagos,Zaria,Jos,A,government,hard,General Knowledge
Which Nigerian state is known as 'The Sunshine State'?,Ondo,Osun,Ogun,Oyo,A,government,easy,General Knowledge
Enugu State is nicknamed what?,The Coal City State,The Garden State,The Rock State,The River State,A,government,easy,General Knowledge
Cross River State's capital is which city?,Calabar,Uyo,Aba,Eket,A,government,easy,General Knowledge
The Slave Trade Abolition Act of 1807 had a significant impact on which part of Nigeria?,The Niger Delta and Coastal regions,The Northern region,The Plateau region,All equally,A,history,hard,General Knowledge
The Yoruba Wars of the 19th century were largely resolved by which British-brokered agreement?,The 1886 peace treaty,The Lagos Convention,The Ibadan Accord,The Abeokuta Peace,A,history,hard,General Knowledge
Which ethnic group is associated with the Ogoni people's environmental activism?,Ogoni (Niger Delta),Ijaw,Urhobo,Itsekiri,A,current_affairs,medium,General Knowledge
Ken Saro-Wiwa was executed by Sani Abacha's government in which year?,1995,1993,1997,1999,A,history,medium,General Knowledge
Ken Saro-Wiwa was an activist for the rights of which Nigerian community?,Ogoni,Ijaw,Ibibio,Efik,A,history,medium,General Knowledge
The Chibok schoolgirls were kidnapped by Boko Haram in which year?,2014,2012,2016,2015,A,current_affairs,easy,General Knowledge
Approximately how many Chibok schoolgirls were abducted by Boko Haram?,276,150,300,200,A,current_affairs,medium,General Knowledge
The #BringBackOurGirls campaign was popularised globally by which person among others?,Michelle Obama,Hillary Clinton,Malala Yousafzai,Oprah Winfrey,A,current_affairs,medium,General Knowledge
"The Sambisa Forest, a Boko Haram stronghold, is located in which Nigerian state?",Borno,Yobe,Adamawa,Gombe,A,current_affairs,medium,General Knowledge
ISWAP stands for what in the context of Nigerian insurgency?,Islamic State West Africa Province,Islamic Soldiers West Africa Province,Islamic State Western Africa Program,Islamic State West Africa Party,A,current_affairs,hard,General Knowledge
Nigeria's Lake Chad region is shared by Nigeria and which other three countries?,"Chad, Niger, Cameroon","Chad, Niger, Mali","Chad, Cameroon, Sudan","Niger, Mali, Chad",A,current_affairs,medium,General Knowledge
The 'Cattle Colony' debate in Nigeria is related to conflicts between which groups?,Herdsmen and farmers,Fishermen and oil companies,Farmers and miners,Youth gangs and police,A,current_affairs,medium,General Knowledge
Biafra Veterans Day in Nigeria is marked on which date?,January 15,May 30,October 1,June 12,A,history,hard,General Knowledge
"The Nigerian Civil War ended on January 15, 1970 with the famous surrender broadcast by which Biafran leader?",Philip Effiong,Odumegwu Ojukwu,Emeka Anyaoku,Alex Madiebo,A,history,hard,General Knowledge
"Odumegwu Ojukwu, the Biafran leader, died in which year?",2011,2005,2015,2008,A,history,medium,General Knowledge
"Peter Obi, the 2023 Labour Party presidential candidate, was formerly governor of which state?",Anambra,Enugu,Imo,Abia,A,politics,medium,General Knowledge
The 'Obidient' movement was associated with which 2023 presidential candidate?,Peter Obi,Atiku Abubakar,Bola Tinubu,Rabiu Kwankwaso,A,politics,medium,General Knowledge
Ngozi Okonjo-Iweala became the first African and first woman to lead the WTO in which year?,2021,2019,2023,2017,A,current_affairs,medium,General Knowledge
Nigeria's Guaranty Trust Bank is now known by what name?,GTCo (Guaranty Trust Holding Company),GTB Holdings,GT Financial Group,GTBank Group,A,current_affairs,medium,General Knowledge
Jim Ovia founded which Nigerian bank?,Zenith Bank,First Bank,UBA,Access Bank,A,current_affairs,medium,General Knowledge
Which Nigerian bank was formerly known as First Bank of Nigeria?,First Bank,Access Bank,United Bank for Africa,Fidelity Bank,A,current_affairs,easy,General Knowledge
The slogan 'Heart of Africa' is associated with which Nigerian state?,Cross River,Benue,Ogun,Enugu,A,current_affairs,medium,General Knowledge
Benue State is known as the 'Food Basket of the Nation' primarily because of its production of what?,Agricultural produce/yams and rice,Oil,Minerals,Livestock,A,current_affairs,easy,General Knowledge
Which Nigerian state is known as the 'Gem of the Plateau'?,Plateau,Kaduna,Niger,Taraba,A,government,easy,General Knowledge
Kaduna State's capital Kaduna was built as a planned colonial city by which British official?,Lord Lugard,Hugh Clifford,Walter Egerton,James Robertson,A,history,hard,General Knowledge
What is the total land area of Nigeria approximately?,"923,768 sq km","750,000 sq km","1,200,000 sq km","600,000 sq km",A,history,medium,General Knowledge
Nigeria shares its longest border with which country?,Niger,Chad,Cameroon,Benin Republic,A,history,medium,General Knowledge
How many countries share a border with Nigeria?,4,3,5,6,A,history,easy,General Knowledge
Which Nigerian state has the longest coastline?,Ondo,Lagos,Delta,Rivers,A,history,hard,General Knowledge
The Mandara Mountains are found along Nigeria's border with which country?,Cameroon,Chad,Niger,Benin,A,history,hard,General Knowledge
"Nigeria's highest peak is Chappal Waddi, located in which state?",Taraba,Adamawa,Plateau,Benue,A,history,hard,General Knowledge
The Jos Plateau in Nigeria is known for mining which mineral?,Tin and columbite,Gold,Diamonds,Iron ore,A,history,medium,General Knowledge
The Sahel belt in Nigeria is found in which states?,"Borno, Yobe, Katsina","Lagos, Ogun, Oyo","Rivers, Delta, Bayelsa","Anambra, Enugu, Imo",A,history,medium,General Knowledge
What is the name of Nigeria's longest river?,Niger River,Benue River,Sokoto River,Kaduna River,A,history,easy,General Knowledge
The confluence of the Niger and Benue rivers is at which Nigerian city?,Lokoja,Abuja,Makurdi,Onitsha,A,history,medium,General Knowledge
The Afang soup from Cross River and Akwa Ibom states is made from what primary vegetable?,Afang (wild spinach) leaves,Bitter leaf,Ukazi leaves,Waterleaf,A,culture,hard,General Knowledge
Ofe Onugbu is a popular Igbo soup. Onugbu refers to what ingredient?,Bitter leaf,Uziza leaf,Ugu leaf,Ora leaf,A,culture,hard,General Knowledge
The Sallah celebration in Nigeria marks which Islamic holiday?,Eid al-Adha and Eid al-Fitr,Christmas,Easter,Diwali,A,culture,easy,General Knowledge
Kente cloth is sometimes worn in Nigeria but is originally from which country?,Ghana,Nigeria,Ivory Coast,Benin Republic,A,culture,medium,General Knowledge
"The famous Benin City moat (Iya) is considered one of the largest man-made earthworks in the world, built approximately when?",800-1400 AD,100-400 AD,1500-1800 AD,1200-1600 AD,A,culture,hard,General Knowledge
The Gelede masquerade is a tradition of which people?,Yoruba,Igbo,Efik,Ijaw,A,culture,medium,General Knowledge
"Amapiano music, sometimes played at Nigerian parties, originates from which country?",South Africa,Nigeria,Ghana,Kenya,A,culture,easy,General Knowledge
Which Nigerian musician released the hit song 'One Dance' with Drake?,Wizkid,Davido,Burna Boy,Tiwa Savage,A,culture,easy,General Knowledge
D'banj's breakthrough song 'Oliver Twist' was released in which year?,2012,2010,2014,2008,A,culture,medium,General Knowledge
P-Square is a Nigerian music duo made up of which twin brothers?,Peter and Paul Okoye,Emmanuel and Christian Obi,Ikechukwu and Chukwuemeka,Lanre and Lekan Alabi,A,culture,medium,General Knowledge
Nigeria's Victor Osimhen plays as what position in football?,Striker,Midfielder,Defender,Goalkeeper,A,sports,easy,General Knowledge
Victor Osimhen plays for which Nigerian club at international level?,Super Eagles,He plays only for clubs,Delta Force,Lagos Stars,A,sports,easy,General Knowledge
At which club did Victor Osimhen win the Serie A title in 2023?,Napoli,Juventus,Inter Milan,AC Milan,A,sports,medium,General Knowledge
Asisat Oshoala plays for which club in Europe?,Barcelona Femeni,Chelsea FC Women,Arsenal Women,Lyon Feminin,A,sports,medium,General Knowledge
Nigeria's Moses Simon plays in which European league?,French Ligue 1,English Premier League,Spanish La Liga,German Bundesliga,A,sports,medium,General Knowledge
"Frank Onyeka, the Nigerian midfielder, plays in which league as of 2023?",English Premier League,Bundesliga,Serie A,La Liga,A,sports,medium,General Knowledge
The Warri Wolves football club is based in which Nigerian state?,Delta,Rivers,Edo,Bayelsa,A,sports,medium,General Knowledge
Nigeria's first World Cup appearance in 1994 was in which country?,USA,France,Germany,Italy,A,sports,easy,General Knowledge
"At the 2018 World Cup, Nigeria was in the same group as which country that won the tournament?",France,Germany,Brazil,Spain,A,sports,medium,General Knowledge
Nigerian footballer Emmanuel Amuneke scored the winning goal in the 1994 Nations Cup final against which country?,Zambia,Ivory Coast,Ghana,Senegal,A,sports,hard,General Knowledge
Rotimi Amaechi served as minister of which portfolio under Buhari?,Transportation,Petroleum,Finance,Defence,A,politics,medium,General Knowledge
The Abuja National Mosque is one of the largest mosques in which region?,West Africa,Sub-Saharan Africa,North Africa,East Africa,A,culture,medium,General Knowledge
The National Christian Centre in Abuja was dedicated in which year?,2005,2000,1999,2010,A,government,hard,General Knowledge
Nigeria's electoral umpire INEC was established by which constitution?,1999 constitution,1979 constitution,1989 constitution,1963 constitution,A,government,medium,General Knowledge
The governorship term in Nigerian states is how many years?,4,5,6,3,A,government,easy,General Knowledge
A state governor in Nigeria can serve a maximum of how many terms?,Two,Three,One,Unlimited,A,government,easy,General Knowledge
Which Nigerian state was the first to introduce Sharia law in 2000?,Zamfara,Kano,Sokoto,Kebbi,A,politics,medium,General Knowledge
How many Nigerian states currently practice Sharia law in criminal matters?,12,9,15,6,A,politics,medium,General Knowledge
The Federal Capital Territory (FCT) is administered by who?,FCT Minister appointed by the President,Elected governor,Senate appointed commissioner,Directly by the president,A,government,medium,General Knowledge
Nigeria became a member of OPEC in which year?,1971,1965,1975,1979,A,history,hard,General Knowledge
Nigeria's GDP is primarily driven by which sector?,Services sector,Oil sector,Agriculture,Manufacturing,A,current_affairs,hard,General Knowledge
Nigeria is the largest economy in Africa by nominal GDP. What is its approximate GDP as of 2023?,$477 billion,$300 billion,$600 billion,$200 billion,A,current_affairs,hard,General Knowledge
Agriculture employs approximately what percentage of Nigeria's workforce?,36%,20%,50%,10%,A,current_affairs,hard,General Knowledge
Nigeria's Vision 2020 plan was meant to make Nigeria one of the top how many economies?,20,30,50,10,A,government,medium,General Knowledge
The ERGP (Economic Recovery and Growth Plan) was a policy document of which Nigerian president?,Muhammadu Buhari,Goodluck Jonathan,Olusegun Obasanjo,Bola Tinubu,A,politics,medium,General Knowledge
The Lagos Free Trade Zone is located in which area?,Ibeju-Lekki,Apapa,Ikeja,Badagry,A,current_affairs,hard,General Knowledge
Which Nigerian state has the highest GDP?,Lagos,Rivers,Kano,Delta,A,current_affairs,medium,General Knowledge
The Ajaokuta Steel Company is located in which state?,Kogi,Benue,Niger,Kwara,A,history,medium,General Knowledge
The Nigerian Liquefied Natural Gas (NLNG) plant is located in which state?,Rivers (Bonny Island),Delta,Bayelsa,Akwa Ibom,A,current_affairs,medium,General Knowledge
Which country is Nigeria's largest trading partner for non-oil exports?,India,China,USA,UK,A,current_affairs,hard,General Knowledge
Nigeria's first Nobel laureate Wole Soyinka was a professor at which university?,University of Ibadan,University of Lagos,Obafemi Awolowo University,University of Nigeria,A,culture,medium,General Knowledge
The Nigerian Academy of Science was founded in which year?,1977,1960,1985,1970,A,government,hard,General Knowledge
Philip Emeagwali is a Nigerian computer scientist known for what achievement?,Supercomputer speed record in 1989,Inventing email,Creating the internet,Developing mobile phones,A,current_affairs,hard,General Knowledge
The West African Examinations Council (WAEC) was established in which year?,1952,1945,1960,1948,A,history,hard,General Knowledge
Nigeria's Joint Admissions and Matriculation Board (JAMB) was established in which year?,1978,1970,1982,1975,A,government,medium,General Knowledge
The National Universities Commission (NUC) in Nigeria is responsible for what?,Regulating universities,Running universities,Funding research,Student loans,A,government,medium,General Knowledge
"As of 2023, approximately how many universities are there in Nigeria (public and private)?",Over 200,About 50,About 100,About 150,A,current_affairs,hard,General Knowledge
Nigeria's University of Lagos gained notoriety in 2012 when a professor was caught doing what?,Requesting sexual favors for grades,Embezzling student funds,Selling exam questions,Faking research results,A,current_affairs,hard,General Knowledge
The Government Technical College system in Nigeria was established primarily by which government?,British colonial government,Obasanjo's government,Gowon's government,Awolowo's Western Region,D,history,hard,General Knowledge
Nigeria's free and universal primary education was first introduced in the Western Region in which year?,1955,1960,1952,1963,A,history,hard,General Knowledge
The Cross River National Park is home to which endangered primate?,Cross River gorilla,Mountain gorilla,Chimpanzee,Bonobo,A,current_affairs,medium,General Knowledge
Yankari National Park is located in which Nigerian state?,Bauchi,Plateau,Taraba,Gombe,A,current_affairs,easy,General Knowledge
The Kainji Dam on the Niger River is located in which state?,Niger,Kwara,Kebbi,Kogi,A,history,medium,General Knowledge
Nigeria's largest lake is which one?,Lake Chad (shared),Kainji Lake,Jebba Lake,Shiroro Lake,A,history,medium,General Knowledge
The tropical rainforest in Nigeria is concentrated in which region?,South and Southeast,North,Central,West only,A,history,easy,General Knowledge
The mangrove forests of Nigeria are primarily found in which region?,Niger Delta,Lagos coast only,Cross River,Ogun coastline,A,history,easy,General Knowledge
Nigeria's climate is primarily what type in the south?,Tropical (wet and dry),Desert,Mediterranean,Temperate,A,history,easy,General Knowledge
The Sahara Desert influence is most felt in which part of Nigeria?,Extreme Northeast,Northwest,North Central,All northern states equally,A,history,medium,General Knowledge
Nigeria's annual rainy season in the south typically lasts how long?,8-9 months,4-5 months,6-7 months,3-4 months,A,history,medium,General Knowledge
Harmattan is a seasonal wind in Nigeria that blows from which direction?,Northeast (from the Sahara),Southwest (from the Atlantic),Northwest,Southeast,A,history,medium,General Knowledge
Nigeria has the world's largest burden of which disease?,Malaria,HIV/AIDS,Tuberculosis,Cholera,A,current_affairs,medium,General Knowledge
NAFDAC in Nigeria was famously led by which director who fought counterfeit drugs?,Dora Akunyili,Mojisola Adeyeye,Paul Orhii,Aminu Ibrahim,A,current_affairs,medium,General Knowledge
Dora Akunyili served as NAFDAC director under which Nigerian president?,Olusegun Obasanjo,Goodluck Jonathan,Umaru Yar'Adua,Muhammadu Buhari,A,current_affairs,medium,General Knowledge
Nigeria's National Primary Health Care Development Agency focuses on what level of healthcare?,Primary,Secondary,Tertiary,All levels equally,A,government,medium,General Knowledge
Which Nigerian hospital is considered one of the most advanced medical facilities in West Africa?,Lagos University Teaching Hospital,National Hospital Abuja,University College Hospital Ibadan,Eko Hospital,A,current_affairs,hard,General Knowledge
Polio was declared eradicated in Nigeria in which year?,2020,2014,2016,2018,A,current_affairs,medium,General Knowledge
Nigeria was declared polio-free by the WHO after how many years of zero recorded cases?,4 years after last case in 2016,2 years,5 years,3 years,A,current_affairs,hard,General Knowledge
The COVID-19 pandemic in Nigeria: the first confirmed case was recorded in which month and year?,February 2020,March 2020,January 2020,April 2020,A,current_affairs,medium,General Knowledge
Nigeria's National Health Insurance Scheme was restructured under the National Health Insurance Authority Act in which year?,2022,2018,2020,2016,A,government,hard,General Knowledge
The NCDC (Nigeria Centre for Disease Control) gained prominence during which health crisis?,COVID-19 pandemic,Ebola outbreak,Lassa fever,Cholera outbreak,A,current_affairs,easy,General Knowledge
The Yoruba word 'Eko' refers to which city?,Lagos,Ibadan,Abeokuta,Ile-Ife,A,culture,easy,General Knowledge
The Hausa word 'Kano' means what in the local language?,Associated with the Kano kingdom founder,High place,River crossing,Market city,A,history,hard,General Knowledge
The Igbo cosmological supreme deity is called what?,Chukwu,Sango,Ogun,Amadioha,A,culture,medium,General Knowledge
The Yoruba deity of iron and war is called what?,Ogun,Sango,Obatala,Oshun,A,culture,medium,General Knowledge
The Yoruba deity of thunder is called what?,Sango,Ogun,Esu,Yemoja,A,culture,easy,General Knowledge
Nigeria's motto is what?,"Unity and Faith, Peace and Progress","One Nation, One Destiny",Together We Stand,"Forward Ever, Backward Never",A,government,easy,General Knowledge
Which color is NOT on the Nigerian flag?,Red,Green,White,Green,A,government,easy,General Knowledge
The green on Nigeria's flag symbolises what?,Agriculture/natural wealth,Peace,The Muslim north,The forest,A,government,medium,General Knowledge
The white on Nigeria's flag symbolises what?,Peace and unity,Agriculture,Purity,The sky,A,government,medium,General Knowledge
Nigeria's national animal is what?,Eagle,Lion,Elephant,Horse,A,culture,easy,General Knowledge
The Nigerian eagle on the coat of arms represents what?,Strength of the nation,The Air Force,Freedom,Northern Nigeria,A,government,medium,General Knowledge
Abuja was chosen as Nigeria's new capital primarily for what reason?,Central location and neutrality,Better climate,Larger size,Historical importance,A,history,medium,General Knowledge
Lagos was Nigeria's capital from independence until which year?,1991,1985,1976,2000,A,history,medium,General Knowledge
The Yoruba city of Oyo was once the centre of which historic empire?,Oyo Empire,Benin Empire,Ife Kingdom,Ijebu Kingdom,A,history,hard,General Knowledge
The Oyo Empire at its height in the 18th century controlled territory as far west as modern-day which country?,Benin Republic and Togo,Ghana,Ivory Coast,Senegal,A,history,hard,General Knowledge
"The Kanem-Bornu Empire, centred near Lake Chad, lasted from approximately which periods?",700 to 1900 AD,200 to 600 AD,1000 to 1400 AD,1200 to 1800 AD,A,history,hard,General Knowledge
Which Nigerian ethnic group is most associated with the Benin Kingdom?,Edo (Bini),Yoruba,Igbo,Ijaw,A,history,easy,General Knowledge
The Oba of Benin holds which type of traditional leadership?,Hereditary monarchy,Elected chieftaincy,Rotating leadership,Military leadership,A,culture,medium,General Knowledge
The first Oba of Benin Kingdom in the Oduduwa dynasty was who?,Oranmiyan,Eweka I,Ewuare,Esigie,A,history,hard,General Knowledge
Tiv people are the major ethnic group in which Nigerian state?,Benue,Plateau,Taraba,Nasarawa,A,culture,medium,General Knowledge
Ijaw people are predominantly found in which Nigerian region?,Niger Delta,Southeast highlands,Northwest savannah,Northeast,A,culture,easy,General Knowledge
Bayelsa State was created from which state in 1996?,Rivers State,Delta State,Akwa Ibom,Cross River,A,government,medium,General Knowledge
Ekiti State was created from which state?,Ondo State,Oyo State,Kwara State,Ogun State,A,government,medium,General Knowledge
Ebonyi State was created in 1996 from parts of which states?,Enugu and Abia,Anambra and Enugu,Imo and Abia,Cross River and Enugu,A,government,medium,General Knowledge
Zamfara State was created from which state in 1996?,Sokoto State,Kebbi State,Niger State,Kaduna State,A,government,medium,General Knowledge
Nasarawa State was carved out of which state?,Plateau State,Kaduna State,Kogi State,Benue State,A,government,medium,General Knowledge
The first Nigerian to be called to the English Bar was who?,Christopher Alexander Sapara Williams,Nnamdi Azikiwe,Herbert Macaulay,Obafemi Awolowo,A,history,hard,General Knowledge
The FESTAC (Second World Black and African Festival of Arts and Culture) was held in Nigeria in which year?,1977,1975,1980,1970,A,culture,hard,General Knowledge
FESTAC 77 was held in which Nigerian city?,Lagos,Abuja,Kano,Ibadan,A,culture,hard,General Knowledge
The National Arts Theatre in Lagos was built for which event?,FESTAC 77,Nigeria's Independence,Commonwealth Games,African Cup of Nations,A,culture,hard,General Knowledge
The Ikoyi Prison in Lagos was renamed to what in 2020?,Ikoyi Custodial Centre,Ikoyi Correctional Centre,Lagos Prison Complex,Ikoyi Rehabilitation Centre,A,government,hard,General Knowledge
Nigeria's Environmental Impact Assessment Act was enacted in which year?,1992,1988,1995,2001,A,government,hard,General Knowledge
The River Niger enters Nigeria from which country?,Niger Republic,Mali,Guinea,Burkina Faso,A,history,medium,General Knowledge
"After flowing through Nigeria, the River Niger empties into which body of water?",Atlantic Ocean (Gulf of Guinea),Indian Ocean,Mediterranean Sea,Gulf of Benin only,A,history,easy,General Knowledge
The Calabar-Mamfe Road connects Nigeria to which country?,Cameroon,Equatorial Guinea,Central African Republic,Gabon,A,history,medium,General Knowledge
Nigeria's first female Chief Justice was who?,Aloma Mukhtar,Mary Odili,Ifeoma Jombo-Ofo,Rose Ukeje,A,government,hard,General Knowledge
Aloma Mukhtar served as Chief Justice of Nigeria from which year?,2012,2010,2014,2008,A,government,hard,General Knowledge
"The Enugu coal mines, historically important, are located in which area?",Udi,Nsukka,Onitsha,Oguta,A,history,hard,General Knowledge
Coal mining in Enugu began approximately in which year?,1915,1900,1920,1930,A,history,hard,General Knowledge
"The phrase 'No victor, no vanquished' at the end of the Nigerian Civil War was spoken by which leader?",Yakubu Gowon,Olusegun Obasanjo,Murtala Mohammed,Philip Effiong,A,history,medium,General Knowledge
The Organisation of Islamic Cooperation (OIC) controversy in Nigeria occurred under which military ruler?,Ibrahim Babangida,Sani Abacha,Muhammadu Buhari,Yakubu Gowon,A,politics,hard,General Knowledge
IBB (Ibrahim Babangida) stepped aside from power in Nigeria in which year?,1993,1990,1995,1991,A,history,medium,General Knowledge
Ernest Shonekan led the Interim National Government of Nigeria for approximately how long?,3 months,6 months,1 year,2 months,A,history,medium,General Knowledge
Sani Abacha became head of state of Nigeria after removing which government?,Shonekan's Interim National Government,Babangida's military government,Elected Abiola government,Obasanjo's government,A,history,medium,General Knowledge
The 'June 12' date in Nigeria was eventually declared a public holiday honouring what?,Democracy Day,Abiola's birthday,The annulled election,Civil rights,A,politics,medium,General Knowledge
MKO Abiola died in detention in which year?,1998,1997,1999,2000,A,history,medium,General Knowledge
Wole Soyinka was arrested and imprisoned by which Nigerian military regime?,Gowon's regime during civil war,Abacha's regime,Babangida's regime,Buhari's first regime,A,history,hard,General Knowledge
The Chieftaincy title 'Ooni' is associated with the traditional ruler of which city?,Ile-Ife,Ibadan,Oyo,Abeokuta,A,culture,medium,General Knowledge
The traditional ruler of Kano is known by what title?,Emir,Oba,Obi,Sultan,A,culture,easy,General Knowledge
The Sultan of Sokoto is considered the spiritual leader of Muslims in Nigeria. The current sultanate was founded in which year?,1804,1800,1820,1780,A,history,medium,General Knowledge
"Femi Kuti, son of Fela Kuti, is known for which type of music?",Afrobeat,Afrobeats,Juju,Fuji,A,culture,medium,General Knowledge
"Made Kuti, Fela Kuti's grandson, continues what tradition?",Afrobeat music,Juju music,Fuji music,Gospel music,A,culture,medium,General Knowledge
The New Afrika Shrine in Lagos is associated with which musical family?,Kuti family (Fela Kuti's legacy),Lagbaja,Sunny Ade,Ebenezer Obey,A,culture,medium,General Knowledge
Davido's real name is what?,David Adedeji Adeleke,Adewale Mayowa David,David Chukwuemeka Obi,David Adeleke Fashola,A,culture,easy,General Knowledge
"Davido's father, Dr Deji Adeleke, is a prominent what?",Businessman,Politician,University professor,Military officer,A,current_affairs,medium,General Knowledge
Tiwa Savage is from which Nigerian state?,Lagos,Ogun,Ondo,Osun,A,culture,medium,General Knowledge
"Asa, the French-Nigerian singer, was born and raised in which Nigerian city?",Lagos,Abuja,Ibadan,Abeokuta,A,culture,hard,General Knowledge
Innocent '2face' Idibia is from which Nigerian state?,Benue,Plateau,Kaduna,Taraba,A,culture,medium,General Knowledge
The currency note featuring Murtala Mohammed in Nigeria is which denomination?,N20,N100,N50,N200,A,current_affairs,medium,General Knowledge
The N1000 note features the portraits of which founding fathers?,Alvan Ikoku and Clement Isong,Azikiwe and Balewa,Awolowo and Azikiwe,Gowon and Obasanjo,A,current_affairs,hard,General Knowledge
The N200 note in Nigeria features which prominent Nigerian?,Alhaji Aliyu Mai-Bornu and Clement Isong,Zik and Awo,Gowon and Obasanjo,Sardauna and Balewa,A,current_affairs,hard,General Knowledge
E-payment in Nigeria was greatly boosted by the introduction of which bank verification number system?,BVN (Bank Verification Number),NIN (National Identification Number),PIN system,USSD system,A,current_affairs,medium,General Knowledge
The BVN (Bank Verification Number) system in Nigeria was introduced in which year?,2014,2012,2016,2010,A,current_affairs,medium,General Knowledge
Nigeria's eNaira was launched under which Central Bank Governor?,Godwin Emefiele,Charles Soludo,Lamido Sanusi,Joseph Sanusi,A,current_affairs,hard,General Knowledge
Olayemi Cardoso became Central Bank Governor of Nigeria in which year?,2023,2022,2021,2024,A,current_affairs,hard,General Knowledge
The Nigerian Communications Commission introduced the NIN-SIM linkage requirement in which year?,2020,2018,2022,2019,A,current_affairs,medium,General Knowledge
Airtel Nigeria was formerly known as what?,Zain (and before that Celtel),MTN Nigeria,Visafone,Glo Mobile,A,current_affairs,hard,General Knowledge
Globacom (Glo) was founded by which Nigerian billionaire?,Mike Adenuga,Aliko Dangote,Jim Ovia,Tony Elumelu,A,current_affairs,easy,General Knowledge
MTN stands for what?,Mobile Telephone Networks,Mobile Technology Nigeria,Modern Telecom Nigeria,Metro Telephone Networks,A,current_affairs,easy,General Knowledge
The Nigerian Breweries company produces which popular beer brand?,Star and Gulder,Malta Guinness,Trophy,33 Export,A,current_affairs,easy,General Knowledge
"Indomie noodles, very popular in Nigeria, are produced by a company of which nationality?",Indonesian,Chinese,Indian,Nigerian,A,current_affairs,medium,General Knowledge
The 'Eba' food in Nigeria is made from what?,Garri (cassava flour),Yam flour,Corn flour,Rice flour,A,culture,easy,General Knowledge
'Àmàlà' is a Nigerian swallow food made from what?,Yam flour (Elubo),Cassava flour,Corn flour,Plantain flour,A,culture,medium,General Knowledge
Tuwo Shinkafa is a northern Nigerian staple made from what?,Rice,Corn,Millet,Sorghum,A,culture,medium,General Knowledge
Kilishi is a Nigerian food product that is what?,Dried spiced meat (beef jerky),Dried fish,Smoked chicken,Dried vegetables,A,culture,easy,General Knowledge
The Itsekiri people are found in which Nigerian state?,Delta,Rivers,Edo,Bayelsa,A,culture,hard,General Knowledge
The Urhobo people are predominantly from which state?,Delta,Rivers,Edo,Bayelsa,A,culture,medium,General Knowledge
The Ogoni people's homeland OGONILAND is located in which state?,Rivers,Bayelsa,Delta,Cross River,A,culture,medium,General Knowledge
The Nupe people are predominantly found in which state?,Niger State,Kogi State,Kwara State,Benue State,A,culture,medium,General Knowledge
The TIV Festival in Nigeria is celebrated by people from which state?,Benue,Plateau,Taraba,Nasarawa,A,culture,medium,General Knowledge
"The Sharo Festival, a coming-of-age celebration, is associated with which Nigerian group?",Fulani,Hausa,Kanuri,Tiv,A,culture,hard,General Knowledge
The New Yam Festival (Iwa Ji) is an important celebration for which Nigerian people?,Igbo,Yoruba,Efik,Ibibio,A,culture,easy,General Knowledge
Nigeria's film industry Nollywood earned approximately how much in revenue in 2022?,$1.2 billion,$500 million,$3 billion,$300 million,A,current_affairs,hard,General Knowledge
Genevieve Nnaji is a prominent actress and filmmaker from which Nigerian state?,Imo,Anambra,Rivers,Enugu,A,culture,medium,General Knowledge
"Omotola Jalade-Ekeinde, the Nollywood actress, was named by Time magazine as one of the 100 most influential people in which year?",2013,2010,2015,2011,A,culture,hard,General Knowledge
Rita Dominic is a prominent Nollywood actress from which state?,Imo,Rivers,Delta,Cross River,A,culture,medium,General Knowledge
The Nigerian film 'The Wedding Party' was directed by who?,Kemi Adetiba,Kunle Afolayan,Biyi Bandele,Tunde Kelani,A,culture,hard,General Knowledge
Kunle Afolayan is a prominent Nigerian filmmaker. His father was which famous actor?,Adeyemi Afolayan (Ade Love),Jide Kosoko,Lere Paimo,Baba Sala,A,culture,hard,General Knowledge
